pathway	pval	padj	log2err	ES	NES	size	leadingEdge
"Neutrophil degranulation"	0.00028514725558766	0.0484394877738806	0.49849310876659	0.919354838709677	1.76882019359493	6	ELANE CNN2 AZU1 ARHGAP45 CFD PRTN3
"Innate Immune System"	0.000303695848112104	0.0484394877738806	0.49849310876659	0.862793283392115	1.86593184781677	9	ELANE CNN2 AZU1 ARHGAP45 CFD PRTN3 GZMM
"Immune System"	0.00147894775020484	0.157261444105114	0.45505986738723	0.785945215784864	1.7925794934658	11	ELANE CNN2 AZU1 ARHGAP45 CFD PRTN3 GZMM
"Degradation of the extracellular matrix"	0.0036889450763959	0.294193369842573	0.431707695803346	0.994942323668597	1.45533254228175	2	ELANE BSG
"Activation of Matrix Metalloproteinases"	0.015387473120028	0.490860392528893	0.380730400722792	1	1.31504105748047	1	ELANE
"Collagen degradation"	0.015387473120028	0.490860392528893	0.380730400722792	1	1.31504105748047	1	ELANE
"Programmed Cell Death"	0.015387473120028	0.490860392528893	0.380730400722792	1	1.31504105748047	1	ELANE
Pyroptosis	0.015387473120028	0.490860392528893	0.380730400722792	1	1.31504105748047	1	ELANE
"Regulated Necrosis"	0.015387473120028	0.490860392528893	0.380730400722792	1	1.31504105748047	1	ELANE
"Regulation of Complement cascade"	0.015387473120028	0.490860392528893	0.380730400722792	1	1.31504105748047	1	ELANE
"MAPK family signaling cascades"	0.0311542762027372	0.764478008359475	0.352487857583619	-0.892307692307693	-1.53427970476489	3	FGF22 SHC2 ABHD17A
"MAPK1/MAPK3 signaling"	0.0311542762027372	0.764478008359475	0.352487857583619	-0.892307692307693	-1.53427970476489	3	FGF22 SHC2 ABHD17A
"RAF/MAP kinase cascade"	0.0311542762027372	0.764478008359475	0.352487857583619	-0.892307692307693	-1.53427970476489	3	FGF22 SHC2 ABHD17A
Metabolism	0.0759162303664922	0.914872798434442	0.266350657088526	-0.571142780249054	-1.50251014401509	11	UQCR11 GAMT NDUFS7 ATP5F1D GPX4 MED16 STK11
Hemostasis	0.0769230769230769	0.914872798434442	0.216542836735348	0.855846113565815	1.40220528111819	3	CFD PRTN3 BSG
"Complement cascade"	0.105545617173524	0.914872798434442	0.183023938384487	0.830769230769231	1.36111969699975	3	ELANE CFD GZMM
"Gene and protein expression by JAK-STAT signaling after Interleukin-12 stimulation"	0.112016293279022	0.914872798434442	0.190023305279108	0.970149253731343	1.27578610054076	1	CNN2
"Interleukin-12 family signaling"	0.112016293279022	0.914872798434442	0.190023305279108	0.970149253731343	1.27578610054076	1	CNN2
"Interleukin-12 signaling"	0.112016293279022	0.914872798434442	0.190023305279108	0.970149253731343	1.27578610054076	1	CNN2
"Integrin cell surface interactions"	0.120553359683794	0.914872798434442	0.179782316298324	-0.877155267263708	-1.36681022515198	2	MADCAM1
"HCN channels"	0.12133072407045	0.914872798434442	0.178219874951973	-0.955223880597015	-1.28443255155045	1	HCN2
"Potassium Channels"	0.12133072407045	0.914872798434442	0.178219874951973	-0.955223880597015	-1.28443255155045	1	HCN2
"Ion channel transport"	0.142566191446029	0.914872798434442	0.166933848713193	0.955223880597015	1.2561586220709	1	ATP8B3
"Ion transport by P-type ATPases"	0.142566191446029	0.914872798434442	0.166933848713193	0.955223880597015	1.2561586220709	1	ATP8B3
"Antimicrobial peptides"	0.157790927021696	0.914872798434442	0.155241966228839	0.863636363636364	1.26326730183058	2	ELANE PRTN3
"Cytokine Signaling in Immune system"	0.157790927021696	0.914872798434442	0.155241966228839	0.863636363636364	1.26326730183058	2	CNN2 PRTN3
"Signaling by Interleukins"	0.157790927021696	0.914872798434442	0.155241966228839	0.863636363636364	1.26326730183058	2	CNN2 PRTN3
"The citric acid (TCA) cycle and respiratory electron transport"	0.166292134831461	0.914872798434442	0.161978948883402	-0.707535401379377	-1.33297395309073	4	UQCR11 NDUFS7 ATP5F1D
"Activated point mutants of FGFR2"	0.166340508806262	0.914872798434442	0.150169802128406	-0.925373134328358	-1.2442940343145	1	FGF22
"Constitutive Signaling by Aberrant PI3K in Cancer"	0.166340508806262	0.914872798434442	0.150169802128406	-0.925373134328358	-1.2442940343145	1	FGF22
"Downstream signaling of activated FGFR1"	0.166340508806262	0.914872798434442	0.150169802128406	-0.925373134328358	-1.2442940343145	1	FGF22
"Downstream signaling of activated FGFR2"	0.166340508806262	0.914872798434442	0.150169802128406	-0.925373134328358	-1.2442940343145	1	FGF22
"FGFR1 ligand binding and activation"	0.166340508806262	0.914872798434442	0.150169802128406	-0.925373134328358	-1.2442940343145	1	FGF22
"FGFR1b ligand binding and activation"	0.166340508806262	0.914872798434442	0.150169802128406	-0.925373134328358	-1.2442940343145	1	FGF22
"FGFR2 ligand binding and activation"	0.166340508806262	0.914872798434442	0.150169802128406	-0.925373134328358	-1.2442940343145	1	FGF22
"FGFR2b ligand binding and activation"	0.166340508806262	0.914872798434442	0.150169802128406	-0.925373134328358	-1.2442940343145	1	FGF22
"FGFRL1 modulation of FGFR1 signaling"	0.166340508806262	0.914872798434442	0.150169802128406	-0.925373134328358	-1.2442940343145	1	FGF22
"FRS-mediated FGFR1 signaling"	0.166340508806262	0.914872798434442	0.150169802128406	-0.925373134328358	-1.2442940343145	1	FGF22
"FRS-mediated FGFR2 signaling"	0.166340508806262	0.914872798434442	0.150169802128406	-0.925373134328358	-1.2442940343145	1	FGF22
"IGF1R signaling cascade"	0.166340508806262	0.914872798434442	0.150169802128406	-0.925373134328358	-1.2442940343145	1	FGF22
"IRS-mediated signalling"	0.166340508806262	0.914872798434442	0.150169802128406	-0.925373134328358	-1.2442940343145	1	FGF22
"IRS-related events triggered by IGF1R"	0.166340508806262	0.914872798434442	0.150169802128406	-0.925373134328358	-1.2442940343145	1	FGF22
"Insulin receptor signalling cascade"	0.166340508806262	0.914872798434442	0.150169802128406	-0.925373134328358	-1.2442940343145	1	FGF22
"Negative regulation of FGFR1 signaling"	0.166340508806262	0.914872798434442	0.150169802128406	-0.925373134328358	-1.2442940343145	1	FGF22
"Negative regulation of FGFR2 signaling"	0.166340508806262	0.914872798434442	0.150169802128406	-0.925373134328358	-1.2442940343145	1	FGF22
"Negative regulation of the PI3K/AKT network"	0.166340508806262	0.914872798434442	0.150169802128406	-0.925373134328358	-1.2442940343145	1	FGF22
"PI-3K cascade:FGFR1"	0.166340508806262	0.914872798434442	0.150169802128406	-0.925373134328358	-1.2442940343145	1	FGF22
"PI-3K cascade:FGFR2"	0.166340508806262	0.914872798434442	0.150169802128406	-0.925373134328358	-1.2442940343145	1	FGF22
"PI3K Cascade"	0.166340508806262	0.914872798434442	0.150169802128406	-0.925373134328358	-1.2442940343145	1	FGF22
"PI3K/AKT Signaling in Cancer"	0.166340508806262	0.914872798434442	0.150169802128406	-0.925373134328358	-1.2442940343145	1	FGF22
"PI5P, PP2A and IER3 Regulate PI3K/AKT Signaling"	0.166340508806262	0.914872798434442	0.150169802128406	-0.925373134328358	-1.2442940343145	1	FGF22
"Phospholipase C-mediated cascade: FGFR1"	0.166340508806262	0.914872798434442	0.150169802128406	-0.925373134328358	-1.2442940343145	1	FGF22
"Phospholipase C-mediated cascade; FGFR2"	0.166340508806262	0.914872798434442	0.150169802128406	-0.925373134328358	-1.2442940343145	1	FGF22
"SHC-mediated cascade:FGFR1"	0.166340508806262	0.914872798434442	0.150169802128406	-0.925373134328358	-1.2442940343145	1	FGF22
"SHC-mediated cascade:FGFR2"	0.166340508806262	0.914872798434442	0.150169802128406	-0.925373134328358	-1.2442940343145	1	FGF22
"Signaling by FGFR1"	0.166340508806262	0.914872798434442	0.150169802128406	-0.925373134328358	-1.2442940343145	1	FGF22
"Signaling by Insulin receptor"	0.166340508806262	0.914872798434442	0.150169802128406	-0.925373134328358	-1.2442940343145	1	FGF22
"Signaling by Type 1 Insulin-like Growth Factor 1 Receptor (IGF1R)"	0.166340508806262	0.914872798434442	0.150169802128406	-0.925373134328358	-1.2442940343145	1	FGF22
"Adaptive Immune System"	0.191536748329621	0.940824129464795	0.149207542435322	-0.759820800383468	-1.30647493385564	3	MADCAM1
"Diseases of signal transduction by growth factor receptors and second messengers"	0.199604743083004	0.940824129464795	0.136490437780413	-0.816584523989391	-1.27242703628891	2	FGF22
"FGFR2 mutant receptor activation"	0.199604743083004	0.940824129464795	0.136490437780413	-0.816584523989391	-1.27242703628891	2	FGF22
"Signaling by FGFR in disease"	0.199604743083004	0.940824129464795	0.136490437780413	-0.816584523989391	-1.27242703628891	2	FGF22
"Signaling by FGFR2 in disease"	0.199604743083004	0.940824129464795	0.136490437780413	-0.816584523989391	-1.27242703628891	2	FGF22
"CDC42 GTPase cycle"	0.213849287169043	0.940824129464795	0.133554954557592	0.925373134328358	1.21690366513118	1	ARHGAP45
"RAC1 GTPase cycle"	0.213849287169043	0.940824129464795	0.133554954557592	0.925373134328358	1.21690366513118	1	ARHGAP45
"RHO GTPase cycle"	0.213849287169043	0.940824129464795	0.133554954557592	0.925373134328358	1.21690366513118	1	ARHGAP45
"RHOA GTPase cycle"	0.213849287169043	0.940824129464795	0.133554954557592	0.925373134328358	1.21690366513118	1	ARHGAP45
"Signaling by Rho GTPases"	0.213849287169043	0.940824129464795	0.133554954557592	0.925373134328358	1.21690366513118	1	ARHGAP45
"Signaling by Rho GTPases, Miro GTPases and RHOBTB3"	0.213849287169043	0.940824129464795	0.133554954557592	0.925373134328358	1.21690366513118	1	ARHGAP45
"Extracellular matrix organization"	0.216457960644007	0.940824129464795	0.123257226381337	0.767537057166268	1.25752106360379	3	ELANE BSG
"Immunoregulatory interactions between a Lymphoid and a non-Lymphoid cell"	0.221135029354207	0.940824129464795	0.128142916898415	-0.895522388059702	-1.20415551707855	1	MADCAM1
"Intracellular signaling by second messengers"	0.239130434782609	0.940824129464795	0.123257226381337	-0.795512417493296	-1.23959183401713	2	FGF22
"PIP3 activates AKT signaling"	0.239130434782609	0.940824129464795	0.123257226381337	-0.795512417493296	-1.23959183401713	2	FGF22
"Platelet activation, signaling and aggregation"	0.242362525458249	0.940824129464795	0.124434168630393	0.91044776119403	1.19727618666133	1	CFD
"Platelet degranulation "	0.242362525458249	0.940824129464795	0.124434168630393	0.91044776119403	1.19727618666133	1	CFD
"Response to elevated platelet cytosolic Ca2+"	0.242362525458249	0.940824129464795	0.124434168630393	0.91044776119403	1.19727618666133	1	CFD
"Respiratory electron transport, ATP synthesis by chemiosmotic coupling, and heat production by uncoupling proteins."	0.249443207126949	0.940824129464795	0.128788713061714	-0.723076923076923	-1.24329562282672	3	UQCR11 NDUFS7 ATP5F1D
"Signaling by NTRK1 (TRKA)"	0.252446183953033	0.940824129464795	0.118815039412263	-0.880597014925373	-1.18408625846057	1	SHC2
"Signaling by NTRKs"	0.252446183953033	0.940824129464795	0.118815039412263	-0.880597014925373	-1.18408625846057	1	SHC2
"Signaling by VEGF"	0.252446183953033	0.940824129464795	0.118815039412263	-0.880597014925373	-1.18408625846057	1	SHC2
"Signalling to ERKs"	0.252446183953033	0.940824129464795	0.118815039412263	-0.880597014925373	-1.18408625846057	1	SHC2
"Signalling to RAS"	0.252446183953033	0.940824129464795	0.118815039412263	-0.880597014925373	-1.18408625846057	1	SHC2
"VEGFA-VEGFR2 Pathway"	0.252446183953033	0.940824129464795	0.118815039412263	-0.880597014925373	-1.18408625846057	1	SHC2
"Alternative complement activation"	0.266272189349112	0.940824129464795	0.115734447701689	0.818181818181818	1.19677954910266	2	CFD GZMM
"Initial triggering of complement"	0.266272189349112	0.940824129464795	0.115734447701689	0.818181818181818	1.19677954910266	2	CFD GZMM
"Transport of small molecules"	0.270125223613596	0.940824129464795	0.108394255853397	0.732264130799636	1.19973043647141	3	ATP8B3 ABCA7 BSG
"TP53 Regulates Transcription of Cell Cycle Genes"	0.274949083503055	0.940824129464795	0.115734447701689	0.895522388059702	1.17764870819147	1	ARID3A
"TP53 Regulates Transcription of Genes Involved in G1 Cell Cycle Arrest"	0.274949083503055	0.940824129464795	0.115734447701689	0.895522388059702	1.17764870819147	1	ARID3A
"RAS processing"	0.277886497064579	0.940824129464795	0.112378519110475	-0.865671641791045	-1.16401699984259	1	ABHD17A
"Respiratory electron transport"	0.33201581027668	0.940824129464795	0.101713902282311	-0.742424242424242	-1.15686821229689	2	UQCR11 NDUFS7
"Lysosphingolipid and LPA receptors"	0.346379647749511	0.940824129464795	0.0985499803531691	-0.835820895522388	-1.12387848260664	1	PLPPR3
"Common Pathway of Fibrin Clot Formation"	0.34826883910387	0.940824129464795	0.100633389423036	0.850746268656716	1.1187662727819	1	PRTN3
"Formation of Fibrin Clot (Clotting Cascade)"	0.34826883910387	0.940824129464795	0.100633389423036	0.850746268656716	1.1187662727819	1	PRTN3
"Other interleukin signaling"	0.34826883910387	0.940824129464795	0.100633389423036	0.850746268656716	1.1187662727819	1	PRTN3
"FGFR2 alternative splicing"	0.355029585798817	0.940824129464795	0.09754492162472	0.77420667509305	1.13245576342571	2	PTBP1 POLR2E
"Processing of Capped Intron-Containing Pre-mRNA"	0.355029585798817	0.940824129464795	0.09754492162472	0.77420667509305	1.13245576342571	2	PTBP1 POLR2E
"mRNA Splicing"	0.355029585798817	0.940824129464795	0.09754492162472	0.77420667509305	1.13245576342571	2	PTBP1 POLR2E
"mRNA Splicing - Major Pathway"	0.355029585798817	0.940824129464795	0.09754492162472	0.77420667509305	1.13245576342571	2	PTBP1 POLR2E
"Carboxyterminal post-translational modifications of tubulin"	0.38747553816047	0.940824129464795	0.0919686140000427	-0.805970149253731	-1.08373996537069	1	TPGS1
Myogenesis	0.395112016293279	0.940824129464795	0.0931454575337804	0.82089552238806	1.07951131584218	1	TCF3
"RUNX1 regulates transcription of genes involved in differentiation of HSCs"	0.395112016293279	0.940824129464795	0.0931454575337804	0.82089552238806	1.07951131584218	1	TCF3
"Transcriptional regulation by RUNX1"	0.395112016293279	0.940824129464795	0.0931454575337804	0.82089552238806	1.07951131584218	1	TCF3
"Defective B3GALTL causes Peters-plus syndrome (PpS)"	0.431771894093686	0.940824129464795	0.0880945010398517	0.791044776119403	1.04025635890246	1	ADAMTSL5
"Diseases associated with O-glycosylation of proteins"	0.431771894093686	0.940824129464795	0.0880945010398517	0.791044776119403	1.04025635890246	1	ADAMTSL5
"Diseases of glycosylation"	0.431771894093686	0.940824129464795	0.0880945010398517	0.791044776119403	1.04025635890246	1	ADAMTSL5
"Diseases of metabolism"	0.431771894093686	0.940824129464795	0.0880945010398517	0.791044776119403	1.04025635890246	1	ADAMTSL5
"O-glycosylation of TSR domain-containing proteins"	0.431771894093686	0.940824129464795	0.0880945010398517	0.791044776119403	1.04025635890246	1	ADAMTSL5
"O-linked glycosylation"	0.431771894093686	0.940824129464795	0.0880945010398517	0.791044776119403	1.04025635890246	1	ADAMTSL5
"Transcriptional Regulation by TP53"	0.444839857651246	0.940824129464795	0.0791316651768349	0.604413208382607	1.05320937889385	4	ARID3A POLR2E MBD3 STK11
"Creatine metabolism"	0.469667318982387	0.940824129464795	0.0813027345384498	-0.761194029850746	-1.02353218951676	1	GAMT
"Transcriptional Regulation by MECP2"	0.469667318982387	0.940824129464795	0.0813027345384498	-0.761194029850746	-1.02353218951676	1	GAMT
"G alpha (q) signalling events"	0.492871690427699	0.940824129464795	0.0808589150280032	0.776119402985075	1.02062888043261	1	KISS1R
"GPCR downstream signalling"	0.492871690427699	0.940824129464795	0.0808589150280032	0.776119402985075	1.02062888043261	1	KISS1R
"Peptide ligand-binding receptors"	0.492871690427699	0.940824129464795	0.0808589150280032	0.776119402985075	1.02062888043261	1	KISS1R
"Complex I biogenesis"	0.516634050880626	0.940824129464795	0.0762797180809272	-0.73134328358209	-0.983393672280812	1	NDUFS7
"Activation of NMDA receptors and postsynaptic events"	0.519348268839104	0.940824129464795	0.0780892306943345	0.761194029850746	1.00100140196275	1	GRIN3B
"Assembly and cell surface presentation of NMDA receptors"	0.519348268839104	0.940824129464795	0.0780892306943345	0.761194029850746	1.00100140196275	1	GRIN3B
"Neurotransmitter receptors and postsynaptic signal transmission"	0.519348268839104	0.940824129464795	0.0780892306943345	0.761194029850746	1.00100140196275	1	GRIN3B
"Transmission across Chemical Synapses"	0.519348268839104	0.940824129464795	0.0780892306943345	0.761194029850746	1.00100140196275	1	GRIN3B
"Gene expression (Transcription)"	0.540133779264214	0.940824129464795	0.066132620475844	0.454068935267792	0.94604432775342	8	ARID3A TCF3
"Antagonism of Activin by Follistatin"	0.541751527494908	0.940824129464795	0.0758886900606117	0.746268656716418	0.981373923492891	1	FSTL3
"Post-translational protein phosphorylation"	0.541751527494908	0.940824129464795	0.0758886900606117	0.746268656716418	0.981373923492891	1	FSTL3
"Regulation of Insulin-like Growth Factor (IGF) transport and uptake by Insulin-like Growth Factor Binding Proteins (IGFBPs)"	0.541751527494908	0.940824129464795	0.0758886900606117	0.746268656716418	0.981373923492891	1	FSTL3
"Signaling by Activin"	0.541751527494908	0.940824129464795	0.0758886900606117	0.746268656716418	0.981373923492891	1	FSTL3
"Signaling by TGFB family members"	0.541751527494908	0.940824129464795	0.0758886900606117	0.746268656716418	0.981373923492891	1	FSTL3
"Generic Transcription Pathway"	0.551088777219431	0.940824129464795	0.0652353056017703	0.464595052273615	0.935055067400019	7	ARID3A TCF3
"RNA Polymerase II Transcription"	0.551088777219431	0.940824129464795	0.0652353056017703	0.464595052273615	0.935055067400019	7	ARID3A TCF3
"Metabolism of RNA"	0.563258232235702	0.940824129464795	0.0658311958368866	0.529281821486202	0.962445449557916	5	PTBP1 WDR18 RPS15
"ABC transporters in lipid homeostasis"	0.570264765784114	0.940824129464795	0.0732558655828455	0.73134328358209	0.961746445023033	1	ABCA7
"ABC-family proteins mediated transport"	0.570264765784114	0.940824129464795	0.0732558655828455	0.73134328358209	0.961746445023033	1	ABCA7
"Metabolism of lipids"	0.573033707865169	0.940824129464795	0.0780892306943345	-0.491530093585187	-0.926026896508586	4	GPX4 MED16
"Signaling by Receptor Tyrosine Kinases"	0.582022471910112	0.940824129464795	0.077274697304471	-0.481925886482414	-0.907932879045818	4	FGF22 SHC2
"Cristae formation"	0.583170254403131	0.940824129464795	0.070113215764256	-0.701492537313433	-0.94325515504486	1	ATP5F1D
"Formation of ATP by chemiosmotic coupling"	0.583170254403131	0.940824129464795	0.070113215764256	-0.701492537313433	-0.94325515504486	1	ATP5F1D
"Mitochondrial biogenesis"	0.598814229249012	0.940824129464795	0.0692836467392548	-0.60390808604214	-0.9410280914453	2	ATP5F1D
"Organelle biogenesis and maintenance"	0.598814229249012	0.940824129464795	0.0692836467392548	-0.60390808604214	-0.9410280914453	2	ATP5F1D
"Regulation of TP53 Activity"	0.598814229249012	0.940824129464795	0.0692836467392548	-0.606060606060606	-0.944382214119912	2	STK11 MBD3
"Neuronal System"	0.600790513833992	0.940824129464795	0.069119845655101	-0.602294684897401	-0.938514040325502	2	HCN2
"Arachidonic acid metabolism"	0.604696673189824	0.940824129464795	0.0683110858318647	-0.686567164179104	-0.923185896426885	1	GPX4
"Biosynthesis of D-series resolvins"	0.604696673189824	0.940824129464795	0.0683110858318647	-0.686567164179104	-0.923185896426885	1	GPX4
"Biosynthesis of DHA-derived SPMs"	0.604696673189824	0.940824129464795	0.0683110858318647	-0.686567164179104	-0.923185896426885	1	GPX4
"Biosynthesis of E-series 18(R)-resolvins"	0.604696673189824	0.940824129464795	0.0683110858318647	-0.686567164179104	-0.923185896426885	1	GPX4
"Biosynthesis of E-series 18(S)-resolvins"	0.604696673189824	0.940824129464795	0.0683110858318647	-0.686567164179104	-0.923185896426885	1	GPX4
"Biosynthesis of EPA-derived SPMs"	0.604696673189824	0.940824129464795	0.0683110858318647	-0.686567164179104	-0.923185896426885	1	GPX4
"Biosynthesis of aspirin-triggered D-series resolvins"	0.604696673189824	0.940824129464795	0.0683110858318647	-0.686567164179104	-0.923185896426885	1	GPX4
"Biosynthesis of specialized proresolving mediators (SPMs)"	0.604696673189824	0.940824129464795	0.0683110858318647	-0.686567164179104	-0.923185896426885	1	GPX4
"Fatty acid metabolism"	0.604696673189824	0.940824129464795	0.0683110858318647	-0.686567164179104	-0.923185896426885	1	GPX4
"Synthesis of 12-eicosatetraenoic acid derivatives"	0.604696673189824	0.940824129464795	0.0683110858318647	-0.686567164179104	-0.923185896426885	1	GPX4
"Synthesis of 15-eicosatetraenoic acid derivatives"	0.604696673189824	0.940824129464795	0.0683110858318647	-0.686567164179104	-0.923185896426885	1	GPX4
"Synthesis of 5-eicosatetraenoic acids"	0.604696673189824	0.940824129464795	0.0683110858318647	-0.686567164179104	-0.923185896426885	1	GPX4
"Epigenetic regulation of gene expression"	0.66798418972332	0.940824129464795	0.0639271933359996	-0.575757575757576	-0.897163103413916	2	MBD3 POLR2E
"Positive epigenetic regulation of rRNA expression"	0.66798418972332	0.940824129464795	0.0639271933359996	-0.575757575757576	-0.897163103413916	2	MBD3 POLR2E
"RNA Polymerase I Promoter Clearance"	0.66798418972332	0.940824129464795	0.0639271933359996	-0.575757575757576	-0.897163103413916	2	MBD3 POLR2E
"RNA Polymerase I Transcription"	0.66798418972332	0.940824129464795	0.0639271933359996	-0.575757575757576	-0.897163103413916	2	MBD3 POLR2E
"RNA Polymerase I Transcription Initiation"	0.66798418972332	0.940824129464795	0.0639271933359996	-0.575757575757576	-0.897163103413916	2	MBD3 POLR2E
Disease	0.669856459330144	0.940824129464795	0.0732558655828455	-0.402994151033153	-0.851468055985609	6	FGF22
"PPARA activates gene expression"	0.681017612524462	0.940824129464795	0.0625237414724762	-0.656716417910448	-0.883047379190933	1	MED16
"Regulation of lipid metabolism by PPARalpha"	0.681017612524462	0.940824129464795	0.0625237414724762	-0.656716417910448	-0.883047379190933	1	MED16
"Transcriptional regulation of white adipocyte differentiation"	0.681017612524462	0.940824129464795	0.0625237414724762	-0.656716417910448	-0.883047379190933	1	MED16
"EPH-Ephrin signaling"	0.702647657841141	0.940824129464795	0.0629394692018967	0.656716417910448	0.863609052673744	1	EFNA2
"EPH-ephrin mediated repulsion of cells"	0.702647657841141	0.940824129464795	0.0629394692018967	0.656716417910448	0.863609052673744	1	EFNA2
"EPHA-mediated growth cone collapse"	0.702647657841141	0.940824129464795	0.0629394692018967	0.656716417910448	0.863609052673744	1	EFNA2
"Olfactory Signaling Pathway"	0.712328767123288	0.940824129464795	0.0603786357920401	-0.641791044776119	-0.862978120572957	1	REEP6
"Sensory Perception"	0.712328767123288	0.940824129464795	0.0603786357920401	-0.641791044776119	-0.862978120572957	1	REEP6
"Axon guidance"	0.72189349112426	0.940824129464795	0.0601186142531851	0.606060606060606	0.886503369705671	2	EFNA2 RPS15
"Major pathway of rRNA processing in the nucleolus and cytosol"	0.72189349112426	0.940824129464795	0.0601186142531851	0.606060606060606	0.886503369705671	2	WDR18 RPS15
"Nervous system development"	0.72189349112426	0.940824129464795	0.0601186142531851	0.606060606060606	0.886503369705671	2	EFNA2 RPS15
"rRNA processing"	0.72189349112426	0.940824129464795	0.0601186142531851	0.606060606060606	0.886503369705671	2	WDR18 RPS15
"rRNA processing in the nucleus and cytosol"	0.72189349112426	0.940824129464795	0.0601186142531851	0.606060606060606	0.886503369705671	2	WDR18 RPS15
"Post-translational protein modification"	0.733096085409253	0.940824129464795	0.0545680646670941	0.466544717078409	0.812969115971588	4	ADAMTSL5 FSTL3 CDC34
"AMPK inhibits chREBP transcriptional activation activity"	0.737769080234834	0.940824129464795	0.0587185879555941	-0.626865671641791	-0.842908861954982	1	STK11
"Energy dependent regulation of mTOR by LKB1-AMPK"	0.737769080234834	0.940824129464795	0.0587185879555941	-0.626865671641791	-0.842908861954982	1	STK11
"FOXO-mediated transcription"	0.737769080234834	0.940824129464795	0.0587185879555941	-0.626865671641791	-0.842908861954982	1	STK11
"FOXO-mediated transcription of cell death genes"	0.737769080234834	0.940824129464795	0.0587185879555941	-0.626865671641791	-0.842908861954982	1	STK11
"Integration of energy metabolism"	0.737769080234834	0.940824129464795	0.0587185879555941	-0.626865671641791	-0.842908861954982	1	STK11
"MTOR signalling"	0.737769080234834	0.940824129464795	0.0587185879555941	-0.626865671641791	-0.842908861954982	1	STK11
"Regulation of TP53 Activity through Phosphorylation"	0.737769080234834	0.940824129464795	0.0587185879555941	-0.626865671641791	-0.842908861954982	1	STK11
"Metabolism of amino acids and derivatives"	0.75098814229249	0.940824129464795	0.0583452776743612	-0.520492109346644	-0.811046759583599	2	GAMT
"Metabolism of proteins"	0.772963604852686	0.940824129464795	0.0509082865515105	0.416912850463941	0.758113843140371	5	ADAMTSL5 FSTL3 RPS15
"Antigen processing: Ubiquitination & Proteasome degradation"	0.782608695652174	0.940824129464795	0.0564118388217596	-0.515151515151515	-0.802724882001925	2	CDC34 RNF126
"Class I MHC mediated antigen processing & presentation"	0.782608695652174	0.940824129464795	0.0564118388217596	-0.515151515151515	-0.802724882001925	2	CDC34 RNF126
"Chromatin modifying enzymes"	0.802348336594912	0.940824129464795	0.0547939500773363	-0.597014925373134	-0.80277034471903	1	MBD3
"Chromatin organization"	0.802348336594912	0.940824129464795	0.0547939500773363	-0.597014925373134	-0.80277034471903	1	MBD3
"ERCC6 (CSB) and EHMT2 (G9a) positively regulate rRNA expression"	0.802348336594912	0.940824129464795	0.0547939500773363	-0.597014925373134	-0.80277034471903	1	MBD3
"HDACs deacetylate histones"	0.802348336594912	0.940824129464795	0.0547939500773363	-0.597014925373134	-0.80277034471903	1	MBD3
"PTEN Regulation"	0.802348336594912	0.940824129464795	0.0547939500773363	-0.597014925373134	-0.80277034471903	1	MBD3
"Potential therapeutics for SARS"	0.802348336594912	0.940824129464795	0.0547939500773363	-0.597014925373134	-0.80277034471903	1	MBD3
"Regulation of PTEN gene transcription"	0.802348336594912	0.940824129464795	0.0547939500773363	-0.597014925373134	-0.80277034471903	1	MBD3
"Regulation of TP53 Activity through Acetylation"	0.802348336594912	0.940824129464795	0.0547939500773363	-0.597014925373134	-0.80277034471903	1	MBD3
"SARS-CoV Infections"	0.802348336594912	0.940824129464795	0.0547939500773363	-0.597014925373134	-0.80277034471903	1	MBD3
"Infectious disease"	0.806236080178174	0.940824129464795	0.060640400949416	-0.415384615384615	-0.714233655666415	3	MBD3 POLR2E RPS15
"Activation of the mRNA upon binding of the cap-binding complex and eIFs, and subsequent binding to 43S"	0.818737270875764	0.940824129464795	0.0557104226766671	0.597014925373134	0.785099138794313	1	RPS15
"Cap-dependent Translation Initiation"	0.818737270875764	0.940824129464795	0.0557104226766671	0.597014925373134	0.785099138794313	1	RPS15
"Cellular response to starvation"	0.818737270875764	0.940824129464795	0.0557104226766671	0.597014925373134	0.785099138794313	1	RPS15
"Cellular responses to stimuli"	0.818737270875764	0.940824129464795	0.0557104226766671	0.597014925373134	0.785099138794313	1	RPS15
"Cellular responses to stress"	0.818737270875764	0.940824129464795	0.0557104226766671	0.597014925373134	0.785099138794313	1	RPS15
"Eukaryotic Translation Elongation"	0.818737270875764	0.940824129464795	0.0557104226766671	0.597014925373134	0.785099138794313	1	RPS15
"Eukaryotic Translation Initiation"	0.818737270875764	0.940824129464795	0.0557104226766671	0.597014925373134	0.785099138794313	1	RPS15
"Eukaryotic Translation Termination"	0.818737270875764	0.940824129464795	0.0557104226766671	0.597014925373134	0.785099138794313	1	RPS15
"Formation of a pool of free 40S subunits"	0.818737270875764	0.940824129464795	0.0557104226766671	0.597014925373134	0.785099138794313	1	RPS15
"Formation of the ternary complex, and subsequently, the 43S complex"	0.818737270875764	0.940824129464795	0.0557104226766671	0.597014925373134	0.785099138794313	1	RPS15
"GTP hydrolysis and joining of the 60S ribosomal subunit"	0.818737270875764	0.940824129464795	0.0557104226766671	0.597014925373134	0.785099138794313	1	RPS15
"L13a-mediated translational silencing of Ceruloplasmin expression"	0.818737270875764	0.940824129464795	0.0557104226766671	0.597014925373134	0.785099138794313	1	RPS15
"Nonsense Mediated Decay (NMD) enhanced by the Exon Junction Complex (EJC)"	0.818737270875764	0.940824129464795	0.0557104226766671	0.597014925373134	0.785099138794313	1	RPS15
"Nonsense Mediated Decay (NMD) independent of the Exon Junction Complex (EJC)"	0.818737270875764	0.940824129464795	0.0557104226766671	0.597014925373134	0.785099138794313	1	RPS15
"Nonsense-Mediated Decay (NMD)"	0.818737270875764	0.940824129464795	0.0557104226766671	0.597014925373134	0.785099138794313	1	RPS15
"Peptide chain elongation"	0.818737270875764	0.940824129464795	0.0557104226766671	0.597014925373134	0.785099138794313	1	RPS15
"Regulation of expression of SLITs and ROBOs"	0.818737270875764	0.940824129464795	0.0557104226766671	0.597014925373134	0.785099138794313	1	RPS15
"Response of EIF2AK4 (GCN2) to amino acid deficiency"	0.818737270875764	0.940824129464795	0.0557104226766671	0.597014925373134	0.785099138794313	1	RPS15
"Ribosomal scanning and start codon recognition"	0.818737270875764	0.940824129464795	0.0557104226766671	0.597014925373134	0.785099138794313	1	RPS15
"SRP-dependent cotranslational protein targeting to membrane"	0.818737270875764	0.940824129464795	0.0557104226766671	0.597014925373134	0.785099138794313	1	RPS15
"Selenoamino acid metabolism"	0.818737270875764	0.940824129464795	0.0557104226766671	0.597014925373134	0.785099138794313	1	RPS15
"Selenocysteine synthesis"	0.818737270875764	0.940824129464795	0.0557104226766671	0.597014925373134	0.785099138794313	1	RPS15
"Signaling by ROBO receptors"	0.818737270875764	0.940824129464795	0.0557104226766671	0.597014925373134	0.785099138794313	1	RPS15
Translation	0.818737270875764	0.940824129464795	0.0557104226766671	0.597014925373134	0.785099138794313	1	RPS15
"Translation initiation complex formation"	0.818737270875764	0.940824129464795	0.0557104226766671	0.597014925373134	0.785099138794313	1	RPS15
"Viral mRNA Translation"	0.818737270875764	0.940824129464795	0.0557104226766671	0.597014925373134	0.785099138794313	1	RPS15
"tRNA modification in the nucleus and cytosol"	0.821917808219178	0.940824129464795	0.0536769600638127	-0.582089552238806	-0.782701086101054	1	ADAT3
"tRNA processing"	0.821917808219178	0.940824129464795	0.0536769600638127	-0.582089552238806	-0.782701086101054	1	ADAT3
"Sphingolipid de novo biosynthesis"	0.830374753451677	0.940824129464795	0.0535669384770951	0.515151515151515	0.753527864249821	2	PLPP2 CSNK1G2
"Sphingolipid metabolism"	0.830374753451677	0.940824129464795	0.0535669384770951	0.515151515151515	0.753527864249821	2	PLPP2 CSNK1G2
"Developmental Biology"	0.842287694974004	0.940824129464795	0.0469758727821845	0.378515550498655	0.688292237472654	5	TCF3 EFNA2 RPS15
"Signal Transduction"	0.845744680851064	0.940824129464795	0.0668966276500666	-0.277976960348387	-0.749759813225111	12	FGF22 SHC2 ABHD17A PLPPR3
"Mitochondrial transcription initiation"	0.855397148676171	0.940824129464795	0.0536769600638127	0.567164179104478	0.745844181854597	1	POLRMT
"Transcription from mitochondrial promoters"	0.855397148676171	0.940824129464795	0.0536769600638127	0.567164179104478	0.745844181854597	1	POLRMT
"Transcriptional activation of mitochondrial biogenesis"	0.855397148676171	0.940824129464795	0.0536769600638127	0.567164179104478	0.745844181854597	1	POLRMT
"Abortive elongation of HIV-1 transcript in the absence of Tat"	0.863013698630137	0.940824129464795	0.0514264916187015	-0.567164179104478	-0.762631827483079	1	POLR2E
"Activation of HOX genes during differentiation"	0.863013698630137	0.940824129464795	0.0514264916187015	-0.567164179104478	-0.762631827483079	1	POLR2E
"Activation of anterior HOX genes in hindbrain development during early embryogenesis"	0.863013698630137	0.940824129464795	0.0514264916187015	-0.567164179104478	-0.762631827483079	1	POLR2E
"B-WICH complex positively regulates rRNA expression"	0.863013698630137	0.940824129464795	0.0514264916187015	-0.567164179104478	-0.762631827483079	1	POLR2E
"Cell Cycle"	0.863013698630137	0.940824129464795	0.0514264916187015	-0.567164179104478	-0.762631827483079	1	POLR2E
"Chromosome Maintenance"	0.863013698630137	0.940824129464795	0.0514264916187015	-0.567164179104478	-0.762631827483079	1	POLR2E
"Cytosolic sensors of pathogen-associated DNA "	0.863013698630137	0.940824129464795	0.0514264916187015	-0.567164179104478	-0.762631827483079	1	POLR2E
"DNA Repair"	0.863013698630137	0.940824129464795	0.0514264916187015	-0.567164179104478	-0.762631827483079	1	POLR2E
"Dual incision in TC-NER"	0.863013698630137	0.940824129464795	0.0514264916187015	-0.567164179104478	-0.762631827483079	1	POLR2E
"ESR-mediated signaling"	0.863013698630137	0.940824129464795	0.0514264916187015	-0.567164179104478	-0.762631827483079	1	POLR2E
"Estrogen-dependent gene expression"	0.863013698630137	0.940824129464795	0.0514264916187015	-0.567164179104478	-0.762631827483079	1	POLR2E
"Formation of HIV elongation complex in the absence of HIV Tat"	0.863013698630137	0.940824129464795	0.0514264916187015	-0.567164179104478	-0.762631827483079	1	POLR2E
"Formation of HIV-1 elongation complex containing HIV-1 Tat"	0.863013698630137	0.940824129464795	0.0514264916187015	-0.567164179104478	-0.762631827483079	1	POLR2E
"Formation of RNA Pol II elongation complex "	0.863013698630137	0.940824129464795	0.0514264916187015	-0.567164179104478	-0.762631827483079	1	POLR2E
"Formation of TC-NER Pre-Incision Complex"	0.863013698630137	0.940824129464795	0.0514264916187015	-0.567164179104478	-0.762631827483079	1	POLR2E
"Formation of the Early Elongation Complex"	0.863013698630137	0.940824129464795	0.0514264916187015	-0.567164179104478	-0.762631827483079	1	POLR2E
"Formation of the HIV-1 Early Elongation Complex"	0.863013698630137	0.940824129464795	0.0514264916187015	-0.567164179104478	-0.762631827483079	1	POLR2E
"Gap-filling DNA repair synthesis and ligation in TC-NER"	0.863013698630137	0.940824129464795	0.0514264916187015	-0.567164179104478	-0.762631827483079	1	POLR2E
"Gene Silencing by RNA"	0.863013698630137	0.940824129464795	0.0514264916187015	-0.567164179104478	-0.762631827483079	1	POLR2E
"HIV Infection"	0.863013698630137	0.940824129464795	0.0514264916187015	-0.567164179104478	-0.762631827483079	1	POLR2E
"HIV Life Cycle"	0.863013698630137	0.940824129464795	0.0514264916187015	-0.567164179104478	-0.762631827483079	1	POLR2E
"HIV Transcription Elongation"	0.863013698630137	0.940824129464795	0.0514264916187015	-0.567164179104478	-0.762631827483079	1	POLR2E
"HIV Transcription Initiation"	0.863013698630137	0.940824129464795	0.0514264916187015	-0.567164179104478	-0.762631827483079	1	POLR2E
"HIV elongation arrest and recovery"	0.863013698630137	0.940824129464795	0.0514264916187015	-0.567164179104478	-0.762631827483079	1	POLR2E
"Inhibition of DNA recombination at telomere"	0.863013698630137	0.940824129464795	0.0514264916187015	-0.567164179104478	-0.762631827483079	1	POLR2E
"Late Phase of HIV Life Cycle"	0.863013698630137	0.940824129464795	0.0514264916187015	-0.567164179104478	-0.762631827483079	1	POLR2E
"MicroRNA (miRNA) biogenesis"	0.863013698630137	0.940824129464795	0.0514264916187015	-0.567164179104478	-0.762631827483079	1	POLR2E
"Negative epigenetic regulation of rRNA expression"	0.863013698630137	0.940824129464795	0.0514264916187015	-0.567164179104478	-0.762631827483079	1	POLR2E
"NoRC negatively regulates rRNA expression"	0.863013698630137	0.940824129464795	0.0514264916187015	-0.567164179104478	-0.762631827483079	1	POLR2E
"Nucleotide Excision Repair"	0.863013698630137	0.940824129464795	0.0514264916187015	-0.567164179104478	-0.762631827483079	1	POLR2E
"PIWI-interacting RNA (piRNA) biogenesis"	0.863013698630137	0.940824129464795	0.0514264916187015	-0.567164179104478	-0.762631827483079	1	POLR2E
"Pausing and recovery of HIV elongation"	0.863013698630137	0.940824129464795	0.0514264916187015	-0.567164179104478	-0.762631827483079	1	POLR2E
"Pausing and recovery of Tat-mediated HIV elongation"	0.863013698630137	0.940824129464795	0.0514264916187015	-0.567164179104478	-0.762631827483079	1	POLR2E
"RNA Pol II CTD phosphorylation and interaction with CE"	0.863013698630137	0.940824129464795	0.0514264916187015	-0.567164179104478	-0.762631827483079	1	POLR2E
"RNA Pol II CTD phosphorylation and interaction with CE during HIV infection"	0.863013698630137	0.940824129464795	0.0514264916187015	-0.567164179104478	-0.762631827483079	1	POLR2E
"RNA Polymerase I Promoter Escape"	0.863013698630137	0.940824129464795	0.0514264916187015	-0.567164179104478	-0.762631827483079	1	POLR2E
"RNA Polymerase I Transcription Termination"	0.863013698630137	0.940824129464795	0.0514264916187015	-0.567164179104478	-0.762631827483079	1	POLR2E
"RNA Polymerase II HIV Promoter Escape"	0.863013698630137	0.940824129464795	0.0514264916187015	-0.567164179104478	-0.762631827483079	1	POLR2E
"RNA Polymerase II Pre-transcription Events"	0.863013698630137	0.940824129464795	0.0514264916187015	-0.567164179104478	-0.762631827483079	1	POLR2E
"RNA Polymerase II Promoter Escape"	0.863013698630137	0.940824129464795	0.0514264916187015	-0.567164179104478	-0.762631827483079	1	POLR2E
"RNA Polymerase II Transcription Elongation"	0.863013698630137	0.940824129464795	0.0514264916187015	-0.567164179104478	-0.762631827483079	1	POLR2E
"RNA Polymerase II Transcription Initiation"	0.863013698630137	0.940824129464795	0.0514264916187015	-0.567164179104478	-0.762631827483079	1	POLR2E
"RNA Polymerase II Transcription Initiation And Promoter Clearance"	0.863013698630137	0.940824129464795	0.0514264916187015	-0.567164179104478	-0.762631827483079	1	POLR2E
"RNA Polymerase II Transcription Pre-Initiation And Promoter Opening"	0.863013698630137	0.940824129464795	0.0514264916187015	-0.567164179104478	-0.762631827483079	1	POLR2E
"RNA Polymerase III Abortive And Retractive Initiation"	0.863013698630137	0.940824129464795	0.0514264916187015	-0.567164179104478	-0.762631827483079	1	POLR2E
"RNA Polymerase III Chain Elongation"	0.863013698630137	0.940824129464795	0.0514264916187015	-0.567164179104478	-0.762631827483079	1	POLR2E
"RNA Polymerase III Transcription"	0.863013698630137	0.940824129464795	0.0514264916187015	-0.567164179104478	-0.762631827483079	1	POLR2E
"RNA Polymerase III Transcription Initiation"	0.863013698630137	0.940824129464795	0.0514264916187015	-0.567164179104478	-0.762631827483079	1	POLR2E
"RNA Polymerase III Transcription Initiation From Type 1 Promoter"	0.863013698630137	0.940824129464795	0.0514264916187015	-0.567164179104478	-0.762631827483079	1	POLR2E
"RNA Polymerase III Transcription Initiation From Type 2 Promoter"	0.863013698630137	0.940824129464795	0.0514264916187015	-0.567164179104478	-0.762631827483079	1	POLR2E
"RNA Polymerase III Transcription Initiation From Type 3 Promoter"	0.863013698630137	0.940824129464795	0.0514264916187015	-0.567164179104478	-0.762631827483079	1	POLR2E
"RNA Polymerase III Transcription Termination"	0.863013698630137	0.940824129464795	0.0514264916187015	-0.567164179104478	-0.762631827483079	1	POLR2E
"RNA polymerase II transcribes snRNA genes"	0.863013698630137	0.940824129464795	0.0514264916187015	-0.567164179104478	-0.762631827483079	1	POLR2E
"Signaling by FGFR2 IIIa TM"	0.863013698630137	0.940824129464795	0.0514264916187015	-0.567164179104478	-0.762631827483079	1	POLR2E
"Signaling by Nuclear Receptors"	0.863013698630137	0.940824129464795	0.0514264916187015	-0.567164179104478	-0.762631827483079	1	POLR2E
"TP53 Regulates Transcription of DNA Repair Genes"	0.863013698630137	0.940824129464795	0.0514264916187015	-0.567164179104478	-0.762631827483079	1	POLR2E
"Tat-mediated HIV elongation arrest and recovery"	0.863013698630137	0.940824129464795	0.0514264916187015	-0.567164179104478	-0.762631827483079	1	POLR2E
"Tat-mediated elongation of the HIV-1 transcript"	0.863013698630137	0.940824129464795	0.0514264916187015	-0.567164179104478	-0.762631827483079	1	POLR2E
"Telomere Maintenance"	0.863013698630137	0.940824129464795	0.0514264916187015	-0.567164179104478	-0.762631827483079	1	POLR2E
"Transcription of the HIV genome"	0.863013698630137	0.940824129464795	0.0514264916187015	-0.567164179104478	-0.762631827483079	1	POLR2E
"Transcription-Coupled Nucleotide Excision Repair (TC-NER)"	0.863013698630137	0.940824129464795	0.0514264916187015	-0.567164179104478	-0.762631827483079	1	POLR2E
"Transcriptional regulation by small RNAs"	0.863013698630137	0.940824129464795	0.0514264916187015	-0.567164179104478	-0.762631827483079	1	POLR2E
"Viral Messenger RNA Synthesis"	0.863013698630137	0.940824129464795	0.0514264916187015	-0.567164179104478	-0.762631827483079	1	POLR2E
"mRNA Capping"	0.863013698630137	0.940824129464795	0.0514264916187015	-0.567164179104478	-0.762631827483079	1	POLR2E
"mRNA Splicing - Minor Pathway"	0.863013698630137	0.940824129464795	0.0514264916187015	-0.567164179104478	-0.762631827483079	1	POLR2E
"Signaling by FGFR"	0.864142538975501	0.940824129464795	0.0573667426768556	-0.387412475307084	-0.666136920437332	3	FGF22
"Signaling by FGFR2"	0.864142538975501	0.940824129464795	0.0573667426768556	-0.387412475307084	-0.666136920437332	3	FGF22
"Influenza Infection"	0.903353057199211	0.971587782058338	0.0496901392724606	0.439393939393939	0.642714943036612	2	RPS15 POLR2E
"Influenza Viral RNA Transcription and Replication"	0.903353057199211	0.971587782058338	0.0496901392724606	0.439393939393939	0.642714943036612	2	RPS15 POLR2E
"Basigin interactions"	0.945010183299389	0.971587782058338	0.0490939668192139	0.537313432835821	0.706589224914881	1	BSG
"Cell surface interactions at the vascular wall"	0.945010183299389	0.971587782058338	0.0490939668192139	0.537313432835821	0.706589224914881	1	BSG
"Defective SLC16A1 causes symptomatic deficiency in lactate transport (SDLT)"	0.945010183299389	0.971587782058338	0.0490939668192139	0.537313432835821	0.706589224914881	1	BSG
"Disorders of transmembrane transporters"	0.945010183299389	0.971587782058338	0.0490939668192139	0.537313432835821	0.706589224914881	1	BSG
"Proton-coupled monocarboxylate transport"	0.945010183299389	0.971587782058338	0.0490939668192139	0.537313432835821	0.706589224914881	1	BSG
"Pyruvate metabolism"	0.945010183299389	0.971587782058338	0.0490939668192139	0.537313432835821	0.706589224914881	1	BSG
"Pyruvate metabolism and Citric Acid (TCA) cycle"	0.945010183299389	0.971587782058338	0.0490939668192139	0.537313432835821	0.706589224914881	1	BSG
"SLC transporter disorders"	0.945010183299389	0.971587782058338	0.0490939668192139	0.537313432835821	0.706589224914881	1	BSG
"SLC-mediated transmembrane transport"	0.945010183299389	0.971587782058338	0.0490939668192139	0.537313432835821	0.706589224914881	1	BSG
"Transport of bile salts and organic acids, metal ions and amine compounds"	0.945010183299389	0.971587782058338	0.0490939668192139	0.537313432835821	0.706589224914881	1	BSG
"C-type lectin receptors (CLRs)"	0.956947162426614	0.971587782058338	0.0466948041282054	-0.522388059701493	-0.702424051629151	1	CDC34
"CLEC7A (Dectin-1) signaling"	0.956947162426614	0.971587782058338	0.0466948041282054	-0.522388059701493	-0.702424051629151	1	CDC34
"Downstream TCR signaling"	0.956947162426614	0.971587782058338	0.0466948041282054	-0.522388059701493	-0.702424051629151	1	CDC34
"FCERI mediated NF-kB activation"	0.956947162426614	0.971587782058338	0.0466948041282054	-0.522388059701493	-0.702424051629151	1	CDC34
"Fc epsilon receptor (FCERI) signaling"	0.956947162426614	0.971587782058338	0.0466948041282054	-0.522388059701493	-0.702424051629151	1	CDC34
"Protein ubiquitination"	0.956947162426614	0.971587782058338	0.0466948041282054	-0.522388059701493	-0.702424051629151	1	CDC34
"Synthesis of active ubiquitin: roles of E1 and E2 enzymes"	0.956947162426614	0.971587782058338	0.0466948041282054	-0.522388059701493	-0.702424051629151	1	CDC34
"TCR signaling"	0.956947162426614	0.971587782058338	0.0466948041282054	-0.522388059701493	-0.702424051629151	1	CDC34
"Class A/1 (Rhodopsin-like receptors)"	0.962450592885375	0.971587782058338	0.0468819856878333	-0.311430344944144	-0.485280309859089	2	PLPPR3
"GPCR ligand binding"	0.962450592885375	0.971587782058338	0.0468819856878333	-0.311430344944144	-0.485280309859089	2	PLPPR3
"Signaling by GPCR"	0.962450592885375	0.971587782058338	0.0468819856878333	-0.311430344944144	-0.485280309859089	2	PLPPR3
"Disassembly of the destruction complex and recruitment of AXIN to the membrane"	1	1	0.0465084048719157	0.507462686567164	0.667334267975166	1	CSNK1G2
"Signaling by WNT"	1	1	0.0465084048719157	0.507462686567164	0.667334267975166	1	CSNK1G2
"TCF dependent signaling in response to WNT"	1	1	0.0465084048719157	0.507462686567164	0.667334267975166	1	CSNK1G2
